{
  "formatVersion": 1,
  "database": {
    "version": 1,
    "identityHash": "c2bf6a83b32b9cebdb6b7669e79a81e1",
    "entities": [
      {
        "tableName": "User_Time",
        "createSql": "CREATE TABLE IF NOT EXISTS `${TABLE_NAME}` (`id` INTEGER PRIMARY KEY AUTOINCREMENT NOT NULL, `record_time` TEXT NOT NULL, `label` TEXT NOT NULL, `work` TEXT NOT NULL DEFAULT 'Time Pass')",
        "fields": [
          {
            "fieldPath": "id",
            "columnName": "id",
            "affinity": "INTEGER",
            "notNull": true
          },
          {
            "fieldPath": "record_time",
            "columnName": "record_time",
            "affinity": "TEXT",
            "notNull": true
          },
          {
            "fieldPath": "label",
            "columnName": "label",
            "affinity": "TEXT",
            "notNull": true
          },
          {
            "fieldPath": "work",
            "columnName": "work",
            "affinity": "TEXT",
            "notNull": true,
            "defaultValue": "'Time Pass'"
          }
        ],
        "primaryKey": {
          "autoGenerate": true,
          "columnNames": [
            "id"
          ]
        },
        "indices": [],
        "foreignKeys": []
      }
    ],
    "views": [],
    "setupQueries": [
      "CREATE TABLE IF NOT EXISTS room_master_table (id INTEGER PRIMARY KEY,identity_hash TEXT)",
      "INSERT OR REPLACE INTO room_master_table (id,identity_hash) VALUES(42, 'c2bf6a83b32b9cebdb6b7669e79a81e1')"
    ]
  }
}